Metric,Value (%)
Accuracy (%),5.173076923076923
Precision (%),5.333392775758886
Recall (%),5.173076923076923
F1-score (%),4.50563237222976
