Metric,Value (%)
Accuracy (%),6.615384615384616
Precision (%),6.59277699278206
Recall (%),6.615384615384616
F1-score (%),6.083136254596493
