Metric,Value (%)
Accuracy (%),5.269230769230769
Precision (%),5.518378398081538
Recall (%),5.269230769230769
F1-score (%),3.7477885392693464
