Metric,Value (%)
Accuracy (%),7.153846153846153
Precision (%),7.205860657805811
Recall (%),7.153846153846153
F1-score (%),7.09589578733462
