Metric,Value (%)
Accuracy (%),6.134615384615385
Precision (%),5.9905958513085205
Recall (%),6.134615384615386
F1-score (%),5.872067401718292
