Metric,Value (%)
Accuracy (%),6.038461538461538
Precision (%),6.520082233427679
Recall (%),6.038461538461538
F1-score (%),4.831570823568067
